20180620,20180730,AD11P,6.575,14.115,H1689A,13K MPV#5
20180620,20180730,AD11S,6.575,11.515,H1689A,13K MPV#5
20180511,20180710,AG11,9.25,25.6,H1689A,13K MPV#5
20180526,20180705,BD11P,13.5,13.7,H1689A,13K MPV#5
20180526,20180705,BD11S,13.5,11.9,H1689A,13K MPV#5
20180526,20180705,BD21P,13.5,13.7,H1689A,13K MPV#5
20180526,20180705,BD21S,13.5,11.9,H1689A,13K MPV#5
20180605,20180715,BD31,12.77,25.6,H1689A,13K MPV#5
20180605,20180715,BD41,12,25.6,H1689A,13K MPV#5
20180605,20180715,BD51,10.05,25.6,H1689A,13K MPV#5
20180605,20180715,CR01,0,0,H1689A,13K MPV#5
20180605,20180715,CR02,0,0,H1689A,13K MPV#5
20180516,20180715,FB02,7.5,9.895,H1689A,13K MPV#5
20180516,20180715,FB03,6.75,4.385,H1689A,13K MPV#5
20180516,20180715,FB04,4.92,1.995,H1689A,13K MPV#5
20180615,20180725,FBUP,6.75,0.75,H1689A,13K MPV#5
20180615,20180725,FBUS,6.75,0.75,H1689A,13K MPV#5
20180511,20180710,FG11,9.8,25.6,H1689A,13K MPV#5
20180516,20180715,FG12,7.5,24.43,H1689A,13K MPV#5
20180516,20180715,FG13,10.3,20.73,H1689A,13K MPV#5
20180511,20180710,FG21,9.8,24.92,H1689A,13K MPV#5
20180511,20180710,FG22,7.5,21.26,H1689A,13K MPV#5
20180511,20180710,FG23,8.95,14.41,H1689A,13K MPV#5
20180511,20180710,FG31,9.8,22.72,H1689A,13K MPV#5
20180529,20180708,FU,12,3,H1689A,13K MPV#5
20180615,20180725,HC01,1.8,20,H1689A,13K MPV#5
20180615,20180725,HC02P,28.25,0.76,H1689A,13K MPV#5
20180615,20180725,HC02S,28.25,0.76,H1689A,13K MPV#5
20180615,20180725,HC03,1.5,20,H1689A,13K MPV#5
20180615,20180725,HC04,4.6,21.52,H1689A,13K MPV#5
20180526,20180705,RG11P,12.6,13.1,H1689A,13K MPV#5
20180526,20180705,RG11S,12.6,12.5,H1689A,13K MPV#5
20180526,20180705,RG12,12.12,23.25,H1689A,13K MPV#5
20180526,20180705,RG21C,12.94,9.6,H1689A,13K MPV#5
20180526,20180705,RG21P,11.56,7.34,H1689A,13K MPV#5
20180526,20180705,RG21S,11.56,7.34,H1689A,13K MPV#5
20180618,20180807,CB01P,12.75,11.63,H1690A,13K MPV#6
20180618,20180807,CB01S,12.75,12.93,H1690A,13K MPV#6
20180618,20180807,CB02P,11.7,12.15,H1690A,13K MPV#6
20180618,20180807,CB02S,11.7,13.45,H1690A,13K MPV#6
20180611,20180731,CB03P,13.05,12.15,H1690A,13K MPV#6
20180611,20180731,CB03S,13.05,13.45,H1690A,13K MPV#6
20180611,20180731,CB04P,13.95,12.15,H1690A,13K MPV#6
20180611,20180731,CB04S,13.95,13.45,H1690A,13K MPV#6
20180627,20180816,CB05P,13.8,12.15,H1690A,13K MPV#6
20180627,20180816,CB05S,13.8,13.45,H1690A,13K MPV#6
20180627,20180816,CB06P,11.7,12.15,H1690A,13K MPV#6
20180627,20180816,CB06S,11.7,13.45,H1690A,13K MPV#6
20180704,20180823,CB07P,12.3,10.88,H1690A,13K MPV#6
20180704,20180823,CB07S,12.3,12.18,H1690A,13K MPV#6
20180717,20180915,CS11P,12.75,3.075,H1690A,13K MPV#6
20180717,20180915,CS11S,12.75,2.675,H1690A,13K MPV#6
20180722,20180920,CS12P,11.7,3.075,H1690A,13K MPV#6
20180722,20180920,CS12S,11.7,2.675,H1690A,13K MPV#6
20180722,20180920,CS13P,13.05,3.075,H1690A,13K MPV#6
20180722,20180920,CS13S,13.05,2.675,H1690A,13K MPV#6
20180717,20180915,CS21P,12.75,3.075,H1690A,13K MPV#6
20180702,20180811,EB01,8.5,4.9,H1690A,13K MPV#6
20180702,20180811,EB02,13.1,18.45,H1690A,13K MPV#6
20180704,20180808,FB01,7.95,16.59,H1690A,13K MPV#6
20180622,20180905,AB01,9.8,10,H1749A,18000tA#14
20180622,20180905,AB02,9.5,9.6,H1749A,18000tA#14
20180622,20180905,AB03,9.8,8.8,H1749A,18000tA#14
20180706,20180919,AG11,9.8,11,H1749A,18000tA#14
20180706,20180919,AG12,9.5,10.4,H1749A,18000tA#14
20180706,20180919,AG13,9.8,9.8,H1749A,18000tA#14
20180723,20180921,BD11,10.1,9.9,H1749A,18000tA#14
20180723,20180921,BD12,13.5,10.2,H1749A,18000tA#14
20180723,20180921,BD13,12.8,10.2,H1749A,18000tA#14
20180525,20180724,EB01,13.5,9.65,H1749A,18000tA#14
20180525,20180724,EB02,12.8,9.73,H1749A,18000tA#14
20180608,20180807,ED11,13.5,8.16,H1749A,18000tA#14
20180608,20180807,ED12,12.8,8.16,H1749A,18000tA#14
20180608,20180807,ED21,5.75,6.54,H1749A,18000tA#14
20180608,20180807,ED22,2.45,6.54,H1749A,18000tA#14
20180601,20180731,ES11P,13.5,2.4,H1749A,18000tA#14
20180601,20180731,ES11S,13.5,2.4,H1749A,18000tA#14
20180601,20180731,ES12P,12.8,2.4,H1749A,18000tA#14
20180601,20180731,ES12S,12.8,2.4,H1749A,18000tA#14
20180615,20180814,ET21,0.7,6.54,H1749A,18000tA#14
20180615,20180814,ET22,0.7,6.54,H1749A,18000tA#14
20180629,20180828,FB01,8.6,3.5,H1749A,18000tA#14
20180629,20180828,FB02,16.36,7.3,H1749A,18000tA#14
20180629,20180828,FB03,11.4,9.6,H1749A,18000tA#14
20180720,20180918,FBU1,0,0,H1749A,18000tA#14
20180720,20180918,FBU2P,0,0,H1749A,18000tA#14
20180720,20180918,FBU2S,0,0,H1749A,18000tA#14
20180713,20180911,FG11,12,6.7,H1749A,18000tA#14
20180713,20180911,FG12,9.8,9.6,H1749A,18000tA#14
20180713,20180911,FG13,11.4,10.7,H1749A,18000tA#14
20180706,20180904,STF,1.55,8.8,H1749A,18000tA#14
20180502,20180701,BD21,6.45,6.2,H1751A,18000tA#16
20180502,20180701,BD22,9.9,6.2,H1751A,18000tA#16
20180512,20180711,BD23,5.4,10.2,H1751A,18000tA#16
20180502,20180701,BD31,6.5,3.32,H1751A,18000tA#16
20180512,20180711,FU,6,8,H1751A,18000tA#16
20180512,20180711,MT,3,1.8,H1751A,18000tA#16
20180512,20180711,PD21,7.4,10.2,H1751A,18000tA#16
20180705,20180903,EB01,13.5,9.65,H1752A,18000tA#17
20180705,20180903,EB02,12.8,9.73,H1752A,18000tA#17
20180719,20180917,ED11,13.5,8.16,H1752A,18000tA#17
20180719,20180917,ED12,12.8,8.16,H1752A,18000tA#17
20180719,20180917,ED21,5.75,6.54,H1752A,18000tA#17
20180719,20180917,ED22,2.45,6.54,H1752A,18000tA#17
20180712,20180910,ES11P,13.5,2.4,H1752A,18000tA#17
20180712,20180910,ES11S,13.5,2.4,H1752A,18000tA#17
20180712,20180910,ES12P,12.8,2.4,H1752A,18000tA#17
20180712,20180910,ES12S,12.8,2.4,H1752A,18000tA#17
20180726,20180924,ET21,0.7,6.54,H1752A,18000tA#17
20180726,20180924,ET22,0.7,6.54,H1752A,18000tA#17
20180506,20180715,BD18S,11.5,13.9,H1753A,47000t#7
20180506,20180715,BD19S,18.2,13.9,H1753A,47000t#7
20180601,20180810,BD21P,8.9,13.3,H1753A,47000t#7
20180601,20180810,BD21S,8.9,13.3,H1753A,47000t#7
20180519,20180807,BD22P,10.5,13.4,H1753A,47000t#7
20180519,20180807,BD22S,10.5,13.4,H1753A,47000t#7
20180521,20180809,BD23P,11.5,13.3,H1753A,47000t#7
20180521,20180809,BD23S,11.5,13.3,H1753A,47000t#7
20180518,20180806,BD24P,11.5,13.5,H1753A,47000t#7
20180518,20180806,BD24S,11.5,13.5,H1753A,47000t#7
20180517,20180805,BD25P,11.5,13.5,H1753A,47000t#7
20180518,20180806,BD25S,11.5,13.5,H1753A,47000t#7
20180516,20180804,BD26P,11.5,7.5,H1753A,47000t#7
20180517,20180805,BD26S,11.5,7.5,H1753A,47000t#7
20180518,20180806,BD27P,11.5,7.5,H1753A,47000t#7
20180519,20180807,BD27S,11.5,7.5,H1753A,47000t#7
20180519,20180807,BD28P,12.4,7.5,H1753A,47000t#7
20180520,20180808,BD28S,12.4,7.5,H1753A,47000t#7
20180608,20180817,BD31P,14.1,13.3,H1753A,47000t#7
20180608,20180817,BD31S,14.1,13.3,H1753A,47000t#7
20180610,20180819,BD32P,11.5,13.3,H1753A,47000t#7
20180610,20180819,BD32S,11.5,13.3,H1753A,47000t#7
20180607,20180816,BD33P,11.5,13.3,H1753A,47000t#7
20180607,20180816,BD33S,11.5,13.3,H1753A,47000t#7
20180630,20180908,BD34C,11.5,12.3,H1753A,47000t#7
20180531,20180809,BD34P,11.5,6.8,H1753A,47000t#7
20180601,20180810,BD34S,11.5,6.8,H1753A,47000t#7
20180629,20180907,BD35C,11.5,14.9,H1753A,47000t#7
20180530,20180808,BD35P,11.5,6.8,H1753A,47000t#7
20180531,20180809,BD35S,11.5,6.8,H1753A,47000t#7
20180702,20180910,BD36C,11.5,12.3,H1753A,47000t#7
20180601,20180810,BD36P,11.5,6.8,H1753A,47000t#7
20180602,20180811,BD36S,11.5,6.8,H1753A,47000t#7
20180703,20180911,BD37C,9,12.3,H1753A,47000t#7
20180602,20180811,BD37P,10,6.8,H1753A,47000t#7
20180603,20180812,BD37S,10,6.8,H1753A,47000t#7
20180705,20180913,BD41,11.6,14.7,H1753A,47000t#7
20180704,20180912,BD42,12.1,11.7,H1753A,47000t#7
20180704,20180912,BD44,11.7,5.6,H1753A,47000t#7
20180705,20180913,BD45,11.7,6.1,H1753A,47000t#7
20180708,20180916,BD51,10.1,5.6,H1753A,47000t#7
20180709,20180917,BD52,6.1,5.1,H1753A,47000t#7
20180727,20181005,CBU2C,11.5,2.5,H1753A,47000t#7
20180727,20181005,CBU2P,11.5,2.5,H1753A,47000t#7
20180727,20181005,CBU2S,11.5,2.5,H1753A,47000t#7
20180722,20180918,CBU3C,11.7,7.3,H1753A,47000t#7
20180722,20180918,CBU3P,11.7,7.3,H1753A,47000t#7
20180722,20180918,CBU3S,11.7,7.3,H1753A,47000t#7
20180722,20180920,CBU4C,9.7,5,H1753A,47000t#7
20180722,20180920,CBU4P,9.7,5,H1753A,47000t#7
20180722,20180920,CBU4S,9.7,5,H1753A,47000t#7
20180710,20181008,FUP,14,4.4,H1753A,47000t#7
20180710,20181008,FUS,14,4.4,H1753A,47000t#7
20180531,20180730,SFP,5,4.2,H1753A,47000t#7
20180531,20180730,SFS,5,4.2,H1753A,47000t#7
20180409,20180708,AB01C,10,7.2,H1754A,47000t#8
20180413,20180722,AB01P,10,10,H1754A,47000t#8
20180413,20180722,AB01S,10,10,H1754A,47000t#8
20180416,20180725,AB02P,10,13.7,H1754A,47000t#8
20180416,20180725,AB02S,10,13.7,H1754A,47000t#8
20180413,20180722,AB03P,11.5,13.5,H1754A,47000t#8
20180413,20180722,AB03S,11.5,13.5,H1754A,47000t#8
20180413,20180722,AB04P,11.5,13.2,H1754A,47000t#8
20180413,20180722,AB04S,11.5,13.2,H1754A,47000t#8
20180416,20180725,AB05P,11.5,12.8,H1754A,47000t#8
20180416,20180725,AB05S,11.5,12.8,H1754A,47000t#8
20180419,20180728,AB06P,9.7,12.5,H1754A,47000t#8
20180419,20180728,AB06S,9.7,12.5,H1754A,47000t#8
20180716,20180924,AD11,10,14.7,H1754A,47000t#8
20180716,20180924,AD12,10,14.7,H1754A,47000t#8
20180716,20180924,AD13,11.5,14.7,H1754A,47000t#8
20180716,20180924,AD14,11.5,14.7,H1754A,47000t#8
20180716,20180924,AD15,11.5,14.7,H1754A,47000t#8
20180716,20180924,AD16,12.3,14.7,H1754A,47000t#8
20180521,20180730,AS11P,10,6.7,H1754A,47000t#8
20180521,20180730,AS11S,10,6.7,H1754A,47000t#8
20180521,20180730,AS12P,10,6.7,H1754A,47000t#8
20180521,20180730,AS12S,10,6.7,H1754A,47000t#8
20180710,20180928,AS13P,11.5,6.7,H1754A,47000t#8
20180710,20180928,AS13S,11.5,6.7,H1754A,47000t#8
20180710,20180928,AS14P,11.5,6.7,H1754A,47000t#8
20180710,20180928,AS14S,11.5,6.7,H1754A,47000t#8
20180720,20181008,AS15P,11.5,6.7,H1754A,47000t#8
20180720,20181008,AS15S,11.5,6.7,H1754A,47000t#8
20180720,20181008,AS16P,12.3,6.7,H1754A,47000t#8
20180720,20181008,AS16S,12.3,6.7,H1754A,47000t#8
20180521,20180730,AS21P,10,6.5,H1754A,47000t#8
20180521,20180730,AS21S,10,6.5,H1754A,47000t#8
20180521,20180730,AS22P,10,6.5,H1754A,47000t#8
20180521,20180730,AS22S,10,6.5,H1754A,47000t#8
20180710,20180928,AS23P,11.5,6.7,H1754A,47000t#8
20180710,20180928,AS23S,11.5,6.7,H1754A,47000t#8
20180710,20180928,AS24P,11.5,6.7,H1754A,47000t#8
20180710,20180928,AS24S,11.5,6.7,H1754A,47000t#8
20180720,20181008,AS25P,11.5,6.7,H1754A,47000t#8
20180720,20181008,AS25S,11.5,6.7,H1754A,47000t#8
20180720,20181008,AS26P,11.5,5.8,H1754A,47000t#8
20180720,20181008,AS26S,11.5,5.8,H1754A,47000t#8
20180525,20180912,BB,6.7,4,H1754A,47000t#8
20180627,20180905,BKP,68.4,0.93,H1754A,47000t#8
20180627,20180905,BKS,68.4,0.93,H1754A,47000t#8
20180730,20181008,CD11,13,14.7,H1754A,47000t#8
20180730,20181008,CD12,11.5,14.7,H1754A,47000t#8
20180730,20181008,CD13,11.5,14.7,H1754A,47000t#8
20180730,20181008,CD14,10.5,14.7,H1754A,47000t#8
20180630,20180908,CD15,11.5,14.7,H1754A,47000t#8
20180624,20180902,CD21,6.5,12.3,H1754A,47000t#8
20180624,20180902,CD31,13,9.2,H1754A,47000t#8
20180624,20180902,CD32,11.5,12.4,H1754A,47000t#8
20180624,20180902,CD33,11.5,12.3,H1754A,47000t#8
20180624,20180902,CD34,10.5,12.3,H1754A,47000t#8
20180614,20180823,CD41,10.5,8.6,H1754A,47000t#8
20180614,20180823,CD42,11.5,11.2,H1754A,47000t#8
20180614,20180823,CD51,10.5,7.5,H1754A,47000t#8
20180614,20180823,CD52,11.5,8.9,H1754A,47000t#8
20180507,20180805,CG41P,13,7.2,H1754A,47000t#8
20180507,20180805,CG41S,13,7.2,H1754A,47000t#8
20180507,20180805,CG42P,11.5,9.2,H1754A,47000t#8
20180507,20180805,CG42S,11.5,9.2,H1754A,47000t#8
20180510,20180808,CG43P,11.5,10.6,H1754A,47000t#8
20180510,20180808,CG43S,11.5,10.6,H1754A,47000t#8
20180510,20180808,CG44P,10.5,7.2,H1754A,47000t#8
20180510,20180808,CG44S,10.5,7.2,H1754A,47000t#8
20180412,20180711,CG45P,11.5,7.4,H1754A,47000t#8
20180412,20180711,CG45S,11.5,7.4,H1754A,47000t#8
20180529,20180906,CS11P,13,5.8,H1754A,47000t#8
20180529,20180906,CS11S,13,5.8,H1754A,47000t#8
20180529,20180906,CS12P,11.5,7,H1754A,47000t#8
20180529,20180906,CS12S,11.5,7,H1754A,47000t#8
20180529,20180906,CS13P,11.5,7.5,H1754A,47000t#8
20180529,20180906,CS13S,11.5,7.5,H1754A,47000t#8
20180529,20180906,CS14P,10.5,7.6,H1754A,47000t#8
20180529,20180906,CS14S,10.5,7.6,H1754A,47000t#8
20180623,20180906,CS15P,11.5,6.7,H1754A,47000t#8
20180623,20180906,CS15S,11.5,6.7,H1754A,47000t#8
20180518,20180826,CS21P,13,7.6,H1754A,47000t#8
20180518,20180826,CS21S,13,7.6,H1754A,47000t#8
20180518,20180826,CS22P,11.5,7.7,H1754A,47000t#8
20180518,20180826,CS22S,11.5,7.7,H1754A,47000t#8
20180515,20180823,CS23P,11.5,8,H1754A,47000t#8
20180515,20180823,CS23S,11.5,8,H1754A,47000t#8
20180515,20180823,CS24P,10.5,8.1,H1754A,47000t#8
20180515,20180823,CS24S,10.5,8.1,H1754A,47000t#8
20180426,20180720,CS25P,11.5,8.2,H1754A,47000t#8
20180426,20180720,CS25S,11.5,8.2,H1754A,47000t#8
20180630,20180908,ED11,11.5,14.7,H1754A,47000t#8
20180630,20180908,ED12,11.5,14.7,H1754A,47000t#8
20180630,20180908,ED13,11.5,14.7,H1754A,47000t#8
20180630,20180908,ED14,11.5,14.7,H1754A,47000t#8
20180630,20180908,ED15,13,14.7,H1754A,47000t#8
20180609,20180818,ED41,11.5,13.5,H1754A,47000t#8
20180609,20180818,ED42,12.2,13.5,H1754A,47000t#8
20180609,20180818,ED43,11.5,13.5,H1754A,47000t#8
20180609,20180818,ED44,11.5,13.5,H1754A,47000t#8
20180609,20180818,ED45,13,13.5,H1754A,47000t#8
20180604,20180722,ED51,12.6,12.3,H1754A,47000t#8
20180604,20180722,ED52,11.2,12.3,H1754A,47000t#8
20180604,20180722,ED53,6.2,12.3,H1754A,47000t#8
20180604,20180722,ED54,4.1,12.3,H1754A,47000t#8
20180623,20180906,ES11P,11.5,6.7,H1754A,47000t#8
20180623,20180906,ES11S,11.5,6.7,H1754A,47000t#8
20180623,20180906,ES12P,11.5,6.7,H1754A,47000t#8
20180623,20180906,ES12S,11.5,6.7,H1754A,47000t#8
20180619,20180902,ES13P,11.5,6.7,H1754A,47000t#8
20180619,20180902,ES13S,11.5,6.7,H1754A,47000t#8
20180619,20180902,ES14P,11.5,6.7,H1754A,47000t#8
20180619,20180902,ES14S,11.5,6.7,H1754A,47000t#8
20180619,20180902,ES15P,13,6.7,H1754A,47000t#8
20180619,20180902,ES15S,13,6.7,H1754A,47000t#8
20180425,20180719,ES21P,11.5,6.7,H1754A,47000t#8
20180425,20180719,ES21S,11.5,6.7,H1754A,47000t#8
20180425,20180719,ES22P,11.5,6.7,H1754A,47000t#8
20180425,20180719,ES22S,11.5,6.7,H1754A,47000t#8
20180425,20180719,ES23P,11.5,6.7,H1754A,47000t#8
20180425,20180719,ES23S,11.5,6.7,H1754A,47000t#8
20180426,20180720,ES24P,11.5,6.7,H1754A,47000t#8
20180426,20180720,ES24S,11.5,6.7,H1754A,47000t#8
20180426,20180720,ES25P,13,6.7,H1754A,47000t#8
20180426,20180720,ES25S,13,6.7,H1754A,47000t#8
20180525,20180912,FB01,13,5.5,H1754A,47000t#8
20180730,20181008,FD11,12,12.4,H1754A,47000t#8
20180726,20181103,FG11,13.6,17.4,H1754A,47000t#8
20180723,20181031,FG21,10.6,13.6,H1754A,47000t#8
20180723,20181031,FG22,12,22.3,H1754A,47000t#8
20180525,20180912,FG41,13,8.7,H1754A,47000t#8
20180726,20181103,FS11P,12,5.5,H1754A,47000t#8
20180726,20181103,FS11S,12,5.5,H1754A,47000t#8
20180503,20180811,SB1P,11.5,5.8,H1754A,47000t#8
20180503,20180811,SB1S,11.5,5.8,H1754A,47000t#8
20180503,20180811,SB2P,11.5,4.4,H1754A,47000t#8
20180503,20180811,SB2S,11.5,4.4,H1754A,47000t#8
20180503,20180811,SB3P,8.5,2.8,H1754A,47000t#8
20180503,20180811,SB3S,8.5,2.8,H1754A,47000t#8
20180517,20180706,AG22P,7,13.443,H1810A,174Km3LNG#11
20180517,20180706,AG22S,7,13.443,H1810A,174Km3LNG#11
20180612,20180725,ED11C,18.6,18.7,H1810A,174Km3LNG#11
20180607,20180719,ED12P,23,14.935,H1810A,174Km3LNG#11
20180606,20180719,ED12S,23,15.435,H1810A,174Km3LNG#11
20180516,20180713,ED21C,16.95,18.3,H1810A,174Km3LNG#11
20180531,20180713,ED22P,15.25,14.585,H1810A,174Km3LNG#11
20180531,20180713,ED22S,15.25,15.085,H1810A,174Km3LNG#11
20180531,20180716,ED23C,6.7,29.17,H1810A,174Km3LNG#11
20180516,20180705,ED31C,10.7,9.92,H1810A,174Km3LNG#11
20180525,20180702,EG11P,21.3,13.157,H1810A,174Km3LNG#11
20180525,20180702,EG11S,21.3,13.157,H1810A,174Km3LNG#11
20180525,20180702,EG12P,20.3,7.565,H1810A,174Km3LNG#11
20180525,20180702,EG12S,20.3,7.565,H1810A,174Km3LNG#11
20180608,20180702,FU01C,0,0,H1810A,174Km3LNG#11
20180608,20180702,PD31P,0,0,H1810A,174Km3LNG#11
20180608,20180702,PD31S,0,0,H1810A,174Km3LNG#11
20180608,20180702,PD41P,0,0,H1810A,174Km3LNG#11
20180608,20180702,PD41S,0,0,H1810A,174Km3LNG#11
20180531,20180726,AB01C,12.218,9.72,H1811A,174Km3LNG#12
20180531,20180726,AB01P,12.218,5.909,H1811A,174Km3LNG#12
20180531,20180726,AB01S,12.218,5.909,H1811A,174Km3LNG#12
20180508,20180718,AB02C,7.8,9.72,H1811A,174Km3LNG#12
20180508,20180718,AB02P,8.9,6.38,H1811A,174Km3LNG#12
20180508,20180718,AB02S,8.9,6.38,H1811A,174Km3LNG#12
20180614,20180813,AG11P,11.4,21.254,H1811A,174Km3LNG#12
20180614,20180813,AG11S,11.4,21.254,H1811A,174Km3LNG#12
20180614,20180813,AG12P,7.8,21.904,H1811A,174Km3LNG#12
20180614,20180813,AG12S,7.8,21.904,H1811A,174Km3LNG#12
20180712,20180907,AG22C,7,13.6,H1811A,174Km3LNG#12
20180717,20180912,AG22P,7,13.443,H1811A,174Km3LNG#12
20180717,20180912,AG22S,7,13.443,H1811A,174Km3LNG#12
20180704,20180717,BU01P,11.692,1.56,H1811A,174Km3LNG#12
20180704,20180717,BU01S,11.692,1.56,H1811A,174Km3LNG#12
20180704,20180717,BU02P,8.8,1.56,H1811A,174Km3LNG#12
20180704,20180717,BU02S,8.8,1.56,H1811A,174Km3LNG#12
20180704,20180717,BU03C,5.362,1.56,H1811A,174Km3LNG#12
20180716,20180727,DH13S,10.08,5.545,H1811A,174Km3LNG#12
20180716,20180727,DH21S,0,0,H1811A,174Km3LNG#12
20180717,20180807,DH22P,0,0,H1811A,174Km3LNG#12
20180510,20180718,EB01P,14.9,6.806,H1811A,174Km3LNG#12
20180510,20180718,EB01S,14.9,6.806,H1811A,174Km3LNG#12
20180420,20180702,EB02C,17.95,10.32,H1811A,174Km3LNG#12
20180420,20180702,EB02P,17.95,11.906,H1811A,174Km3LNG#12
20180420,20180702,EB02S,17.95,11.906,H1811A,174Km3LNG#12
20180420,20180702,EB03P,6.35,18.352,H1811A,174Km3LNG#12
20180420,20180702,EB03S,6.35,18.352,H1811A,174Km3LNG#12
20180710,20180917,ED11C,18.6,18.7,H1811A,174Km3LNG#12
20180709,20180914,ED12P,23,14.935,H1811A,174Km3LNG#12
20180709,20180914,ED12S,23,15.435,H1811A,174Km3LNG#12
20180703,20180910,ED21C,16.95,18.3,H1811A,174Km3LNG#12
20180711,20180912,ED22P,15.25,14.585,H1811A,174Km3LNG#12
20180711,20180912,ED22S,15.25,15.085,H1811A,174Km3LNG#12
20180625,20180827,ED23C,6.7,29.17,H1811A,174Km3LNG#12
20180629,20180831,ED31C,10.7,9.92,H1811A,174Km3LNG#12
20180614,20180817,ED32C,16.7,13.6,H1811A,174Km3LNG#12
20180608,20180813,ED33C,11.5,22.361,H1811A,174Km3LNG#12
20180612,20180815,ED41P,10.4,3.38,H1811A,174Km3LNG#12
20180612,20180815,ED41S,10.4,3.38,H1811A,174Km3LNG#12
20180529,20180724,ED42C,12.8,19.809,H1811A,174Km3LNG#12
20180528,20180723,ED43C,11.5,23.56,H1811A,174Km3LNG#12
20180612,20180821,EG11P,21.3,13.157,H1811A,174Km3LNG#12
20180612,20180821,EG11S,21.3,13.157,H1811A,174Km3LNG#12
20180612,20180821,EG12P,20.3,7.565,H1811A,174Km3LNG#12
20180612,20180821,EG12S,20.3,7.565,H1811A,174Km3LNG#12
20180606,20180809,EG21P,18.6,13.366,H1811A,174Km3LNG#12
20180606,20180809,EG21S,18.6,13.366,H1811A,174Km3LNG#12
20180606,20180809,EG22P,20.3,7.915,H1811A,174Km3LNG#12
20180606,20180809,EG22S,20.3,7.915,H1811A,174Km3LNG#12
20180606,20180809,EG31P,18.6,15.526,H1811A,174Km3LNG#12
20180606,20180809,EG31S,18.6,15.526,H1811A,174Km3LNG#12
20180606,20180809,EG32P,20.3,11.32,H1811A,174Km3LNG#12
20180606,20180809,EG32S,20.3,11.32,H1811A,174Km3LNG#12
20180508,20180718,EG41P,14.9,19.636,H1811A,174Km3LNG#12
20180508,20180718,EG41S,14.9,19.636,H1811A,174Km3LNG#12
20180529,20180724,EG42P,12.8,11.93,H1811A,174Km3LNG#12
20180529,20180724,EG42S,12.8,11.93,H1811A,174Km3LNG#12
20180529,20180724,EG43P,11.5,10.712,H1811A,174Km3LNG#12
20180529,20180724,EG43S,11.5,10.712,H1811A,174Km3LNG#12
20180524,20180719,FB02C,16.4,9.596,H1811A,174Km3LNG#12
20180524,20180719,FB03C,7.465,4.465,H1811A,174Km3LNG#12
20180524,20180813,FG11P,16.9,19.482,H1811A,174Km3LNG#12
20180524,20180813,FG11S,16.9,19.482,H1811A,174Km3LNG#12
20180521,20180808,FG12P,14,14.598,H1811A,174Km3LNG#12
20180521,20180808,FG12S,14,14.598,H1811A,174Km3LNG#12
20180521,20180808,FG13C,9.646,16.093,H1811A,174Km3LNG#12
20180524,20180813,FG21P,16.9,17.227,H1811A,174Km3LNG#12
20180524,20180813,FG21S,16.9,17.227,H1811A,174Km3LNG#12
20180521,20180808,FG22C,14,22.621,H1811A,174Km3LNG#12
20180521,20180808,FG23C,8.595,9.814,H1811A,174Km3LNG#12
20180613,20180810,FG31C,16.9,5.669,H1811A,174Km3LNG#12
20180613,20180810,FG31P,16.9,13.043,H1811A,174Km3LNG#12
20180613,20180810,FG31S,16.9,13.043,H1811A,174Km3LNG#12
20180524,20180719,FG32C,14,15.341,H1811A,174Km3LNG#12
20180524,20180719,FG33C,7.621,4.265,H1811A,174Km3LNG#12
20180612,20180809,FG41C,16.9,5.669,H1811A,174Km3LNG#12
20180612,20180809,FG41P,16.9,11.521,H1811A,174Km3LNG#12
20180612,20180809,FG41S,16.9,11.521,H1811A,174Km3LNG#12
20180524,20180719,FG42C,16.4,11.751,H1811A,174Km3LNG#12
20180524,20180719,FG52C,16.4,11.197,H1811A,174Km3LNG#12
20180719,20180817,FU01C,0,0,H1811A,174Km3LNG#12
20180514,20180706,HD16C,12.12,5.973,H1811A,174Km3LNG#12
20180509,20180706,HS14P,12.4,1.906,H1811A,174Km3LNG#12
20180509,20180706,HS14S,12.4,1.906,H1811A,174Km3LNG#12
20180510,20180710,HS15P,12.5,5.225,H1811A,174Km3LNG#12
20180510,20180710,HS15S,12.5,5.225,H1811A,174Km3LNG#12
20180516,20180713,HS16P,12.12,7.175,H1811A,174Km3LNG#12
20180516,20180713,HS16S,12.12,7.175,H1811A,174Km3LNG#12
20180719,20180817,PD11P,0,0,H1811A,174Km3LNG#12
20180719,20180817,PD11S,0,0,H1811A,174Km3LNG#12
20180620,20180711,PD12P,0,0,H1811A,174Km3LNG#12
20180620,20180711,PD12S,0,0,H1811A,174Km3LNG#12
20180620,20180711,PD13P,0,0,H1811A,174Km3LNG#12
20180620,20180711,PD13S,0,0,H1811A,174Km3LNG#12
20180719,20180817,PD21P,0,0,H1811A,174Km3LNG#12
20180719,20180817,PD21S,0,0,H1811A,174Km3LNG#12
20180620,20180711,PD22P,0,0,H1811A,174Km3LNG#12
20180620,20180711,PD22S,0,0,H1811A,174Km3LNG#12
20180719,20180817,PD31P,0,0,H1811A,174Km3LNG#12
20180719,20180817,PD31S,0,0,H1811A,174Km3LNG#12
20180705,20180726,PD32P,0,0,H1811A,174Km3LNG#12
20180705,20180726,PD32S,0,0,H1811A,174Km3LNG#12
20180719,20180817,PD41P,0,0,H1811A,174Km3LNG#12
20180719,20180817,PD41S,0,0,H1811A,174Km3LNG#12
20180705,20180726,PD42P,0,0,H1811A,174Km3LNG#12
20180705,20180726,PD42S,0,0,H1811A,174Km3LNG#12
20180705,20180726,PD52P,0,0,H1811A,174Km3LNG#12
20180705,20180726,PD52S,0,0,H1811A,174Km3LNG#12
20180705,20180726,PD53P,0,0,H1811A,174Km3LNG#12
20180705,20180726,PD53S,0,0,H1811A,174Km3LNG#12
20180705,20180726,PD62P,0,0,H1811A,174Km3LNG#12
20180705,20180726,PD62S,0,0,H1811A,174Km3LNG#12
20180606,20180710,PT04,6,5.241,H1811A,174Km3LNG#12
20180523,20180707,AB01C,11.82,1,H1861A,49K CT#2
20180523,20180707,AB01P,11.82,1,H1861A,49K CT#2
20180523,20180707,AB01S,11.82,1,H1861A,49K CT#2
20180616,20180716,AG11P,11.82,16.3,H1861A,49K CT#2
20180616,20180716,AG11S,11.82,15.7,H1861A,49K CT#2
20180604,20180704,AG21P,11.82,15.573,H1861A,49K CT#2
20180604,20180704,AG21S,11.82,14.973,H1861A,49K CT#2
20180712,20180811,BD11P,13.2,16.5,H1861A,49K CT#2
20180712,20180811,BD11S,13.2,15.5,H1861A,49K CT#2
20180712,20180811,BD12P,13.6,16.5,H1861A,49K CT#2
20180712,20180811,BD12S,13.6,15.5,H1861A,49K CT#2
20180712,20180811,BD13P,16,16.5,H1861A,49K CT#2
20180712,20180811,BD13S,16,15.5,H1861A,49K CT#2
20180623,20180703,BU05P,0,0,H1861A,49K CT#2
20180623,20180703,BU05S,0,0,H1861A,49K CT#2
20180623,20180703,BU06C,0,0,H1861A,49K CT#2
20180511,20180705,CL21P,11.86,1.2,H1861A,49K CT#2
20180511,20180705,CL21S,11.86,1.2,H1861A,49K CT#2
20180628,20180728,ED11C,11,10.7,H1861A,49K CT#2
20180610,20180710,EG11P,12.359,16.3,H1861A,49K CT#2
20180610,20180710,EG11S,12.359,15.7,H1861A,49K CT#2
20180610,20180710,EG12P,12.8,16.3,H1861A,49K CT#2
20180610,20180710,EG12S,12.8,15.7,H1861A,49K CT#2
20180603,20180723,FG11P,2.9,32,H1861A,49K CT#2
20180603,20180723,FG11S,5.6,30,H1861A,49K CT#2
20180521,20180710,FG21C,4.1,26,H1861A,49K CT#2
20180521,20180710,FG31C,4.5,25,H1861A,49K CT#2
20180722,20180831,FU01C,8.383,9,H1861A,49K CT#2
20180623,20180703,MT01C,0,0,H1861A,49K CT#2
20180722,20180821,PD11P,10.8,12.45,H1861A,49K CT#2
20180722,20180821,PD11S,10.8,11.85,H1861A,49K CT#2
20180722,20180821,PD12P,13.7,12.45,H1861A,49K CT#2
20180722,20180821,PD12S,13.7,11.85,H1861A,49K CT#2
20180603,20180723,RG11C,0,0,H1861A,49K CT#2
20180704,20180813,CB01C,13.95,12.426,H1862A,49K CT#3
20180704,20180813,CB02P,7.78,15.483,H1862A,49K CT#3
20180704,20180813,CB02S,7.78,15.283,H1862A,49K CT#3
20180606,20180716,CB03P,11.14,17.1,H1862A,49K CT#3
20180606,20180716,CB03S,11.14,16.641,H1862A,49K CT#3
20180606,20180716,CB04P,7.78,17.1,H1862A,49K CT#3
20180606,20180716,CB04S,7.78,16.841,H1862A,49K CT#3
20180712,20180806,CD13C,11.14,15,H1862A,49K CT#3
20180712,20180806,CD13P,11.14,4.5,H1862A,49K CT#3
20180712,20180806,CD13S,11.14,4.5,H1862A,49K CT#3
20180702,20180727,CD14C,7.87,15,H1862A,49K CT#3
20180702,20180727,CD14P,7.87,4.5,H1862A,49K CT#3
20180702,20180727,CD14S,7.87,4.5,H1862A,49K CT#3
20180723,20180916,CL12P,7.87,1.2,H1862A,49K CT#3
20180717,20180910,CL12S,7.87,1.2,H1862A,49K CT#3
20180627,20180821,CL13P,11.14,1.2,H1862A,49K CT#3
20180627,20180821,CL13S,11.14,1.2,H1862A,49K CT#3
20180621,20180815,CL14P,7.87,1.2,H1862A,49K CT#3
20180621,20180815,CL14S,7.87,1.2,H1862A,49K CT#3
20180528,20180722,CL15P,11.27,1.2,H1862A,49K CT#3
20180528,20180722,CL15S,11.27,1.2,H1862A,49K CT#3
20180520,20180714,CL16P,11.27,1.2,H1862A,49K CT#3
20180520,20180714,CL16S,11.27,1.2,H1862A,49K CT#3
20180731,20180914,CS12P,7.87,4.3,H1862A,49K CT#3
20180731,20180914,CS12S,7.87,4.3,H1862A,49K CT#3
20180703,20180817,CS13P,11.4,4.3,H1862A,49K CT#3
20180703,20180817,CS13S,11.4,4.3,H1862A,49K CT#3
20180703,20180817,CS14P,7.87,4.3,H1862A,49K CT#3
20180703,20180817,CS14S,7.87,4.3,H1862A,49K CT#3
20180601,20180716,CS15P,11.27,4.3,H1862A,49K CT#3
20180601,20180716,CS15S,11.27,4.3,H1862A,49K CT#3
20180601,20180716,CS16P,11.27,4.3,H1862A,49K CT#3
20180601,20180716,CS16S,11.27,4.3,H1862A,49K CT#3
20180716,20180830,CS22P,7.87,9,H1862A,49K CT#3
20180716,20180830,CS22S,7.87,9,H1862A,49K CT#3
20180630,20180814,CS23P,11.14,5,H1862A,49K CT#3
20180630,20180814,CS23S,11.14,5,H1862A,49K CT#3
20180630,20180814,CS24P,7.87,4.3,H1862A,49K CT#3
20180630,20180814,CS24S,7.87,4.3,H1862A,49K CT#3
20180720,20180829,CT12C,0.9,11.2,H1862A,49K CT#3
20180720,20180829,CT12P,0.9,7.25,H1862A,49K CT#3
20180720,20180829,CT12S,0.9,7.25,H1862A,49K CT#3
20180720,20180829,CT13C,0.9,11.2,H1862A,49K CT#3
20180712,20180821,CT13P,0.9,7.25,H1862A,49K CT#3
20180712,20180821,CT13S,0.9,7.25,H1862A,49K CT#3
20180704,20180813,CT14C,0.9,11.2,H1862A,49K CT#3
20180704,20180813,CT14P,0.9,7.25,H1862A,49K CT#3
20180704,20180813,CT14S,0.9,7.25,H1862A,49K CT#3
20180704,20180813,CT15C,0.9,11.2,H1862A,49K CT#3
20180712,20180821,CT15P,0.9,7.25,H1862A,49K CT#3
20180712,20180821,CT15S,0.9,7.25,H1862A,49K CT#3
20180618,20180728,CT16C,0.9,11.2,H1862A,49K CT#3
20180618,20180728,CT16P,0.9,7.25,H1862A,49K CT#3
20180618,20180728,CT16S,0.9,7.25,H1862A,49K CT#3
20180618,20180728,CT17C,0.9,11.2,H1862A,49K CT#3
20180523,20180702,HB01P,11.27,16.9,H1862A,49K CT#3
20180523,20180702,HB01S,11.27,17.1,H1862A,49K CT#3
20180523,20180702,HB02P,11.27,16.9,H1862A,49K CT#3
20180523,20180702,HB02S,11.27,17.1,H1862A,49K CT#3
20180620,20180730,HB03P,11.27,17.052,H1862A,49K CT#3
20180620,20180730,HB03S,11.27,15.1,H1862A,49K CT#3
20180620,20180730,HB04P,11.37,16.972,H1862A,49K CT#3
20180620,20180730,HB04S,11.37,15.002,H1862A,49K CT#3
20180718,20180827,HB05P,11.27,15.703,H1862A,49K CT#3
20180718,20180827,HB05S,11.27,13.823,H1862A,49K CT#3
20180718,20180827,HB06P,10.94,13.477,H1862A,49K CT#3
20180718,20180827,HB06S,10.94,11.576,H1862A,49K CT#3
20180612,20180707,HD11C,11.27,15,H1862A,49K CT#3
20180612,20180707,HD11P,11.27,4.5,H1862A,49K CT#3
20180612,20180707,HD11S,11.27,4.5,H1862A,49K CT#3
20180622,20180717,HD12C,11.27,15,H1862A,49K CT#3
20180622,20180717,HD12P,11.27,4.5,H1862A,49K CT#3
20180622,20180717,HD12S,11.27,4.5,H1862A,49K CT#3
20180722,20180816,HD13C,11.27,15,H1862A,49K CT#3
20180722,20180816,HD13P,11.27,4.5,H1862A,49K CT#3
20180722,20180816,HD13S,11.27,4.5,H1862A,49K CT#3
20180605,20180730,HL11P,11.27,1.2,H1862A,49K CT#3
20180605,20180730,HL11S,11.27,1.2,H1862A,49K CT#3
20180613,20180807,HL12P,11.27,1.2,H1862A,49K CT#3
20180613,20180807,HL12S,11.27,1.2,H1862A,49K CT#3
20180705,20180829,HL13P,11.27,1.2,H1862A,49K CT#3
20180705,20180829,HL13S,11.27,1.2,H1862A,49K CT#3
20180711,20180904,HL14P,11.27,1.2,H1862A,49K CT#3
20180711,20180904,HL14S,11.27,1.2,H1862A,49K CT#3
20180729,20180922,HL15P,11.37,1.2,H1862A,49K CT#3
20180729,20180922,HL15S,11.37,1.2,H1862A,49K CT#3
20180617,20180801,HS11P,11.27,4.3,H1862A,49K CT#3
20180617,20180801,HS11S,11.27,4.3,H1862A,49K CT#3
20180617,20180801,HS12P,11.27,4.3,H1862A,49K CT#3
20180617,20180801,HS12S,11.27,4.3,H1862A,49K CT#3
20180719,20180902,HS13P,11.27,4.3,H1862A,49K CT#3
20180719,20180902,HS13S,11.27,4.3,H1862A,49K CT#3
20180719,20180902,HS14P,11.37,4.3,H1862A,49K CT#3
20180719,20180902,HS14S,11.37,4.3,H1862A,49K CT#3
20180716,20180830,HS24P,11.37,4.3,H1862A,49K CT#3
20180716,20180830,HS24S,11.37,4.3,H1862A,49K CT#3
20180626,20180805,HT11C,0.9,11.2,H1862A,49K CT#3
20180626,20180805,HT11P,0.9,7.25,H1862A,49K CT#3
20180626,20180805,HT11S,0.9,7.25,H1862A,49K CT#3
20180626,20180805,HT12C,0.9,11.2,H1862A,49K CT#3
20180728,20180906,HT12P,0.9,7.25,H1862A,49K CT#3
20180728,20180906,HT12S,0.9,7.25,H1862A,49K CT#3
20180728,20180906,HT13C,0.9,11.2,H1862A,49K CT#3
20180728,20180906,HT14C,0.9,11.2,H1862A,49K CT#3
20180405,20180806,AB01,13.8,13,待接,46000t#16
20180627,20181026,AB01,13.8,13,待接,46000t#17
20180405,20180807,AB02,12.5,13.5,待接,46000t#16
20180627,20181027,AB02,12.5,13.5,待接,46000t#17
20180530,20181107,AD11,13.8,11.4,待接,46000t#16
20180611,20180919,AD11C,0,0,待接,75000t#1
20180615,20180923,AD12C,0,0,待接,75000t#1
20180615,20180923,AD13C,0,0,待接,75000t#1
20180530,20180825,AD21,13.6,10.7,待接,46000t#16
20180514,20180822,AD21C,0,0,待接,75000t#1
20180518,20180826,AD22C,0,0,待接,75000t#1
20180518,20180826,AD23C,0,0,待接,75000t#1
20180416,20180725,AD32C,0,0,待接,75000t#1
20180416,20180725,AD33C,0,0,待接,75000t#1
20180416,20180725,AD34C,0,0,待接,75000t#1
20180425,20180908,AG11,12.9,15.5,待接,46000t#16
20180715,20181128,AG11,12.9,15.5,待接,46000t#17
20180425,20180908,AS11P,13.6,2.7,待接,46000t#16
20180611,20180914,AS11P,0,0,待接,75000t#1
20180715,20181101,AS11P,13.6,2.7,待接,46000t#17
20180425,20180908,AS11S,13.6,2.7,待接,46000t#16
20180611,20180914,AS11S,0,0,待接,75000t#1
20180715,20181101,AS11S,13.6,2.7,待接,46000t#17
20180613,20180822,AS12P,0,0,待接,75000t#1
20180613,20180822,AS12S,0,0,待接,75000t#1
20180613,20180822,AS13P,0,0,待接,75000t#1
20180613,20180822,AS13S,0,0,待接,75000t#1
20180613,20180822,AS14P,0,0,待接,75000t#1
20180613,20180822,AS14S,0,0,待接,75000t#1
20180512,20180820,AS21P,0,0,待接,75000t#1
20180512,20180820,AS21S,0,0,待接,75000t#1
20180516,20180814,AS22P,0,0,待接,75000t#1
20180516,20180814,AS22S,0,0,待接,75000t#1
20180516,20180813,AS23P,0,0,待接,75000t#1
20180516,20180813,AS23S,0,0,待接,75000t#1
20180516,20180812,AS24P,0,0,待接,75000t#1
20180516,20180812,AS24S,0,0,待接,75000t#1
20180503,20180831,AS32P,0,0,待接,75000t#1
20180503,20180831,AS32S,0,0,待接,75000t#1
20180501,20180829,AS33P,0,0,待接,75000t#1
20180503,20180831,AS33S,0,0,待接,75000t#1
20180501,20180829,AS34P,0,0,待接,75000t#1
20180503,20180831,AS34S,0,0,待接,75000t#1
20180408,20180806,AS42P,0,0,待接,75000t#1
20180410,20180808,AS42S,0,0,待接,75000t#1
20180408,20180806,AS43P,0,0,待接,75000t#1
20180410,20180808,AS43S,0,0,待接,75000t#1
20180408,20180806,AS44P,0,0,待接,75000t#1
20180410,20180808,AS44S,0,0,待接,75000t#1
20180629,20181029,AT11,0.3,11.2,待接,46000t#16
20180629,20181029,AT12,0.3,11.2,待接,46000t#16
20180629,20180826,AT21,0.3,10.5,待接,46000t#16
20180629,20180826,AT22,0.3,10.5,待接,46000t#16
20180525,20181012,ATG,5.6,4.3,待接,46000t#16
20180715,20181225,ATG,5.6,4.3,待接,46000t#17
20180724,20181027,BD11C,0,0,待接,75000t#1
20180724,20181027,BD12C,0,0,待接,75000t#1
20180724,20181022,BD13C,0,0,待接,75000t#1
20180724,20181022,BD14C,0,0,待接,75000t#1
20180724,20181101,BD21C,0,0,待接,75000t#1
20180410,20180810,CB01,11.7,10.5,待接,46000t#16
20180630,20181030,CB01,11.7,10.5,待接,46000t#17
20180410,20180811,CB02,15.8,13.1,待接,46000t#16
20180630,20181031,CB02,15.8,13.1,待接,46000t#17
20180525,20180926,CD11,11.6,8.9,待接,46000t#16
20180620,20181018,CD11C,0,0,待接,75000t#1
20180525,20180929,CD12,15.7,11.4,待接,46000t#16
20180620,20181018,CD12C,0,0,待接,75000t#1
20180620,20181018,CD13C,0,0,待接,75000t#1
20180620,20181018,CD14C,0,0,待接,75000t#1
20180609,20180917,CD15C,0,0,待接,75000t#1
20180525,20181004,CD21,2.5,5.2,待接,46000t#16
20180530,20180927,CD21C,0,0,待接,75000t#1
20180525,20181004,CD22,1.9,5.2,待接,46000t#16
20180530,20180927,CD22C,0,0,待接,75000t#1
20180525,20181004,CD23,15.6,8.3,待接,46000t#16
20180524,20180921,CD23C,0,0,待接,75000t#1
20180424,20180822,CD31C,0,0,待接,75000t#1
20180424,20180822,CD32C,0,0,待接,75000t#1
20180524,20180921,CD33C,15.8,17.1,待接,75000t#1
20180524,20180921,CD34C,15.8,17.1,待接,75000t#1
20180416,20180725,CD35C,0,0,待接,75000t#1
20180510,20180906,CS11P,11.7,5.3,待接,46000t#16
20180528,20180925,CS11P,0,0,待接,75000t#1
20180730,20181105,CS11P,11.7,5.3,待接,46000t#17
20180510,20180906,CS11S,11.7,5.3,待接,46000t#16
20180528,20180925,CS11S,0,0,待接,75000t#1
20180730,20181106,CS11S,11.7,5.3,待接,46000t#17
20180510,20180906,CS12P,15.8,4,待接,46000t#16
20180528,20180925,CS12P,0,0,待接,75000t#1
20180730,20181108,CS12P,15.8,4,待接,46000t#17
20180510,20180906,CS12S,15.8,4,待接,46000t#16
20180528,20180925,CS12S,0,0,待接,75000t#1
20180730,20181109,CS12S,15.8,4,待接,46000t#17
20180522,20180919,CS13P,0,0,待接,75000t#1
20180522,20180919,CS13S,0,0,待接,75000t#1
20180522,20180919,CS14P,0,0,待接,75000t#1
20180522,20180919,CS14S,0,0,待接,75000t#1
20180510,20180818,CS15P,0,0,待接,75000t#1
20180510,20180818,CS15S,0,0,待接,75000t#1
20180422,20180820,CS21P,0,0,待接,75000t#1
20180422,20180820,CS21S,0,0,待接,75000t#1
20180422,20180820,CS22P,0,0,待接,75000t#1
20180422,20180820,CS22S,0,0,待接,75000t#1
20180420,20180818,CS23P,0,0,待接,75000t#1
20180420,20180818,CS23S,0,0,待接,75000t#1
20180420,20180818,CS24P,0,0,待接,75000t#1
20180420,20180818,CS24S,0,0,待接,75000t#1
20180414,20180812,CS25P,0,0,待接,75000t#1
20180414,20180812,CS25S,0,0,待接,75000t#1
20180406,20180804,CS31P,0,0,待接,75000t#1
20180406,20180804,CS31S,0,0,待接,75000t#1
20180406,20180804,CS32P,0,0,待接,75000t#1
20180406,20180804,CS32S,0,0,待接,75000t#1
20180609,20181018,CT11,0.3,8.7,待接,46000t#16
20180609,20181018,CT12,0.3,11.2,待接,46000t#16
20180609,20181018,CT13,0.3,11.2,待接,46000t#16
20180609,20180827,CT21,0.3,5,待接,46000t#16
20180609,20180828,CT22,0.3,8.1,待接,46000t#16
20180609,20181018,CT23,0.3,8.1,待接,46000t#16
20180316,20180716,EB01,12,14,待接,46000t#16
20180620,20181020,EB01,12,14,待接,46000t#17
20180316,20180717,EB02,14,14.2,待接,46000t#16
20180620,20181021,EB02,14,14.2,待接,46000t#17
20180316,20180718,EB03,13.7,14.2,待接,46000t#16
20180620,20181022,EB03,13.7,14.2,待接,46000t#17
20180326,20180910,EB04,12.6,14,待接,46000t#16
20180615,20181130,EB04,12.6,14,待接,46000t#17
20180705,20181017,ED11,12,13.1,待接,46000t#16
20180730,20181227,ED11,12,13.1,待接,46000t#17
20180609,20180917,ED11C,0,0,待接,75000t#1
20180705,20181017,ED12,13.8,13.1,待接,46000t#16
20180730,20181227,ED12,13.8,13.1,待接,46000t#17
20180609,20181007,ED12C,0,0,待接,75000t#1
20180505,20180923,ED13,13.7,13.1,待接,46000t#16
20180730,20181227,ED13,13.7,13.1,待接,46000t#17
20180609,20181007,ED13C,0,0,待接,75000t#1
20180705,20181017,ED14,12.6,11.4,待接,46000t#16
20180730,20181124,ED14,12.6,11.4,待接,46000t#17
20180611,20180919,ED14C,0,0,待接,75000t#1
20180505,20180828,ED21,12,10.7,待接,46000t#16
20180730,20181127,ED21,12,10.7,待接,46000t#17
20180510,20180818,ED21C,0,0,待接,75000t#1
20180705,20181017,ED22,13.8,10.7,待接,46000t#16
20180730,20181127,ED22,13.8,10.7,待接,46000t#17
20180507,20180904,ED22C,0,0,待接,75000t#1
20180705,20181017,ED23,13.5,10.7,待接,46000t#16
20180730,20181123,ED23,13.5,10.7,待接,46000t#17
20180507,20180904,ED23C,0,0,待接,75000t#1
20180505,20180822,ED24,12.4,10.7,待接,46000t#16
20180730,20181127,ED24,12.4,10.7,待接,46000t#17
20180514,20180822,ED24C,0,0,待接,75000t#1
20180505,20180816,ED31,3,8.3,待接,46000t#16
20180730,20181127,ED31,3,8.3,待接,46000t#17
20180316,20180805,ES11P,12,4,待接,46000t#16
20180510,20180818,ES11P,0,0,待接,75000t#1
20180620,20181023,ES11P,12,4,待接,46000t#17
20180316,20180805,ES11S,12,4,待接,46000t#16
20180510,20180818,ES11S,0,0,待接,75000t#1
20180620,20181023,ES11S,12,4,待接,46000t#17
20180316,20180807,ES12P,14,4,待接,46000t#16
20180505,20180902,ES12P,0,0,待接,75000t#1
20180620,20181023,ES12P,14,4,待接,46000t#17
20180316,20180807,ES12S,14,4,待接,46000t#16
20180505,20180902,ES12S,0,0,待接,75000t#1
20180620,20181023,ES12S,14,4,待接,46000t#17
20180316,20180809,ES13P,13.7,2.7,待接,46000t#16
20180505,20180902,ES13P,0,0,待接,75000t#1
20180620,20181029,ES13P,13.7,2.7,待接,46000t#17
20180316,20180809,ES13S,13.7,2.7,待接,46000t#16
20180505,20180902,ES13S,0,0,待接,75000t#1
20180620,20181029,ES13S,13.7,2.7,待接,46000t#17
20180316,20180810,ES14P,12.6,2.7,待接,46000t#16
20180512,20180820,ES14P,0,0,待接,75000t#1
20180620,20181030,ES14P,12.6,2.7,待接,46000t#17
20180316,20180810,ES14S,12.6,2.7,待接,46000t#16
20180512,20180820,ES14S,0,0,待接,75000t#1
20180620,20181030,ES14S,12.6,2.7,待接,46000t#17
20180414,20180812,ES21P,0,0,待接,75000t#1
20180414,20180812,ES21S,0,0,待接,75000t#1
20180412,20180810,ES22P,0,0,待接,75000t#1
20180412,20180810,ES22S,0,0,待接,75000t#1
20180412,20180810,ES23P,0,0,待接,75000t#1
20180412,20180810,ES23S,0,0,待接,75000t#1
20180418,20180727,ES24P,0,0,待接,75000t#1
20180418,20180727,ES24S,0,0,待接,75000t#1
20180520,20181008,ET11,0.3,12.9,待接,46000t#16
20180520,20181008,ET12,0.3,12.9,待接,46000t#16
20180520,20181008,ET13,0.3,12.9,待接,46000t#16
20180520,20181008,ET14,0.3,12.9,待接,46000t#16
20180520,20181008,ET15,0.3,12.9,待接,46000t#16
20180520,20180828,ET16,0.3,11.2,待接,46000t#16
20180520,20180825,ET21,0.3,10.5,待接,46000t#16
20180520,20180825,ET22,0.3,10.5,待接,46000t#16
20180520,20180825,ET23,0.3,10.5,待接,46000t#16
20180520,20180825,ET24,0.3,10.5,待接,46000t#16
20180520,20180823,ET25,0.3,10.5,待接,46000t#16
20180520,20180825,ET26,0.3,10.5,待接,46000t#16
20180520,20180812,ET31,0.3,8.1,待接,46000t#16
20180520,20180813,ET32,0.3,8.1,待接,46000t#16
20180520,20180814,ET33,0.3,8.1,待接,46000t#16
20180410,20180812,FB01,11.7,7.2,待接,46000t#16
20180630,20181101,FB01,11.7,7.2,待接,46000t#17
20180719,20181027,FBU1P,15,0.8,待接,46000t#16
20180719,20181027,FBU1S,15,0.8,待接,46000t#16
20180719,20181027,FBU2P,7.8,0.8,待接,46000t#16
20180719,20181027,FBU2S,7.5,0.8,待接,46000t#16
20180719,20181027,FBU3,11,0.8,待接,46000t#16
20180709,20181002,FD11,11.7,8.9,待接,46000t#16
20180626,20181009,FD11C,0,0,待接,75000t#1
20180626,20181009,FD12C,0,0,待接,75000t#1
20180709,20181013,FD21,11.5,5.2,待接,46000t#16
20180530,20180927,FD21C,0,0,待接,75000t#1
20180530,20180927,FD22C,0,0,待接,75000t#1
20180418,20180727,FD32C,0,0,待接,75000t#1
20180420,20180913,FG01,13.7,6.1,待接,46000t#16
20180710,20181102,FG01,13.7,6.1,待接,46000t#17
20180420,20180913,FG11,9.8,7.8,待接,46000t#16
20180710,20181103,FG11,9.8,7.8,待接,46000t#17
20180420,20180913,FG12,7.8,11.4,待接,46000t#16
20180710,20181104,FG12,7.8,11.4,待接,46000t#17
20180618,20180926,FG21C,0,0,待接,75000t#1
20180520,20180828,FG31C,0,0,待接,75000t#1
20180520,20180828,FG32C,0,0,待接,75000t#1
20180510,20180822,FS11P,11.7,5.3,待接,46000t#16
20180623,20181021,FS11P,0,0,待接,75000t#1
20180730,20181111,FS11P,11.7,5.3,待接,46000t#17
20180510,20180823,FS11S,11.7,5.3,待接,46000t#16
20180623,20181021,FS11S,0,0,待接,75000t#1
20180730,20181112,FS11S,11.7,5.3,待接,46000t#17
20180623,20181021,FS12P,0,0,待接,75000t#1
20180623,20181021,FS12S,0,0,待接,75000t#1
20180618,20180926,FS22P,0,0,待接,75000t#1
20180618,20180926,FS22S,0,0,待接,75000t#1
20180619,20181121,FT11,0.3,5.9,待接,46000t#16
20180619,20181121,FT21,0.3,3.4,待接,46000t#16
20180704,20180912,XT01P,0,0,待接,75000t#1
20180704,20180912,XT01S,0,0,待接,75000t#1
20180704,20180912,XT02P,0,0,待接,75000t#1
20180704,20180912,XT02S,0,0,待接,75000t#1
20180704,20180912,XT03P,0,0,待接,75000t#1
